city,region,province_or_prefecture,commune,prefecture_arrondissement,arrondissement,bureau_etat_civil,source_url,extraction_method,confidence,notes
Casablanca,Casablanca-Settat,CASABLANCA,CASABLANCA,AIN CHOCK,AIN CHOCK,AIN CHOCK  (CENTRAL),https://www.watiqa.ma/index.php?page=citoyen.FormulaireCommande,Playwright dependent dropdown traversal of Watiqa inside-Morocco form,High,
Casablanca,Casablanca-Settat,CASABLANCA,CASABLANCA,AIN CHOCK,AIN CHOCK,AL HOUSNA NORD,https://www.watiqa.ma/index.php?page=citoyen.FormulaireCommande,Playwright dependent dropdown traversal of Watiqa inside-Morocco form,High,
Casablanca,Casablanca-Settat,CASABLANCA,CASABLANCA,AIN CHOCK,AIN CHOCK,AL MOUSTAKBAL,https://www.watiqa.ma/index.php?page=citoyen.FormulaireCommande,Playwright dependent dropdown traversal of Watiqa inside-Morocco form,High,
Casablanca,Casablanca-Settat,CASABLANCA,CASABLANCA,AIN CHOCK,AIN CHOCK,ALHOUSNA SUD,https://www.watiqa.ma/index.php?page=citoyen.FormulaireCommande,Playwright dependent dropdown traversal of Watiqa inside-Morocco form,High,
Casablanca,Casablanca-Settat,CASABLANCA,CASABLANCA,AIN CHOCK,AIN CHOCK,ANNEXE ADMINISTRATIVE AIN CHOK,https://www.watiqa.ma/index.php?page=citoyen.FormulaireCommande,Playwright dependent dropdown traversal of Watiqa inside-Morocco form,High,
Casablanca,Casablanca-Settat,CASABLANCA,CASABLANCA,AIN CHOCK,AIN CHOCK,BIN LAMDOUNE,https://www.watiqa.ma/index.php?page=citoyen.FormulaireCommande,Playwright dependent dropdown traversal of Watiqa inside-Morocco form,High,
Casablanca,Casablanca-Settat,CASABLANCA,CASABLANCA,AIN CHOCK,AIN CHOCK,CALIFORNIE,https://www.watiqa.ma/index.php?page=citoyen.FormulaireCommande,Playwright dependent dropdown traversal of Watiqa inside-Morocco form,High,
Casablanca,Casablanca-Settat,CASABLANCA,CASABLANCA,AIN CHOCK,AIN CHOCK,CHRIFA,https://www.watiqa.ma/index.php?page=citoyen.FormulaireCommande,Playwright dependent dropdown traversal of Watiqa inside-Morocco form,High,
Casablanca,Casablanca-Settat,CASABLANCA,CASABLANCA,AIN CHOCK,AIN CHOCK,JNANAT,https://www.watiqa.ma/index.php?page=citoyen.FormulaireCommande,Playwright dependent dropdown traversal of Watiqa inside-Morocco form,High,
Casablanca,Casablanca-Settat,CASABLANCA,CASABLANCA,AIN CHOCK,AIN CHOCK,LAMSALLA,https://www.watiqa.ma/index.php?page=citoyen.FormulaireCommande,Playwright dependent dropdown traversal of Watiqa inside-Morocco form,High,
Casablanca,Casablanca-Settat,CASABLANCA,CASABLANCA,AIN CHOCK,AIN CHOCK,OULAD RAHOU,https://www.watiqa.ma/index.php?page=citoyen.FormulaireCommande,Playwright dependent dropdown traversal of Watiqa inside-Morocco form,High,
Casablanca,Casablanca-Settat,CASABLANCA,CASABLANCA,AIN CHOCK,AIN CHOCK,SIDI MAAROUF,https://www.watiqa.ma/index.php?page=citoyen.FormulaireCommande,Playwright dependent dropdown traversal of Watiqa inside-Morocco form,High,
Casablanca,Casablanca-Settat,CASABLANCA,CASABLANCA,AIN CHOCK,AIN CHOCK,SIDI MASSOUD,https://www.watiqa.ma/index.php?page=citoyen.FormulaireCommande,Playwright dependent dropdown traversal of Watiqa inside-Morocco form,High,
Casablanca,Casablanca-Settat,CASABLANCA,CASABLANCA,AIN SEBAA HAY MOHAMMADI,AIN SEBAA,44 EM ARRONDISSEMENT: AIN SEBAA,https://www.watiqa.ma/index.php?page=citoyen.FormulaireCommande,Playwright dependent dropdown traversal of Watiqa inside-Morocco form,High,
Casablanca,Casablanca-Settat,CASABLANCA,CASABLANCA,AIN SEBAA HAY MOHAMMADI,AIN SEBAA,48 EM ARRONDISSEMENT:DAR LAMANE,https://www.watiqa.ma/index.php?page=citoyen.FormulaireCommande,Playwright dependent dropdown traversal of Watiqa inside-Morocco form,High,
Casablanca,Casablanca-Settat,CASABLANCA,CASABLANCA,AIN SEBAA HAY MOHAMMADI,AIN SEBAA,50 EM ARRONDISSEMENT:HAY EL JAMIL,https://www.watiqa.ma/index.php?page=citoyen.FormulaireCommande,Playwright dependent dropdown traversal of Watiqa inside-Morocco form,High,
Casablanca,Casablanca-Settat,CASABLANCA,CASABLANCA,AIN SEBAA HAY MOHAMMADI,AIN SEBAA,ANNEXE MIMOSA,https://www.watiqa.ma/index.php?page=citoyen.FormulaireCommande,Playwright dependent dropdown traversal of Watiqa inside-Morocco form,High,
Casablanca,Casablanca-Settat,CASABLANCA,CASABLANCA,AIN SEBAA HAY MOHAMMADI,AIN SEBAA,CENTRAL,https://www.watiqa.ma/index.php?page=citoyen.FormulaireCommande,Playwright dependent dropdown traversal of Watiqa inside-Morocco form,High,
Casablanca,Casablanca-Settat,CASABLANCA,CASABLANCA,AIN SEBAA HAY MOHAMMADI,AIN SEBAA,JEUNESSE,https://www.watiqa.ma/index.php?page=citoyen.FormulaireCommande,Playwright dependent dropdown traversal of Watiqa inside-Morocco form,High,
Casablanca,Casablanca-Settat,CASABLANCA,CASABLANCA,AIN SEBAA HAY MOHAMMADI,AIN SEBAA,SMARA,https://www.watiqa.ma/index.php?page=citoyen.FormulaireCommande,Playwright dependent dropdown traversal of Watiqa inside-Morocco form,High,
Casablanca,Casablanca-Settat,CASABLANCA,CASABLANCA,AIN SEBAA HAY MOHAMMADI,ASSOUKHOUR ASSAWDA,41 EM ARRONDISSEMENT:PALESTINE,https://www.watiqa.ma/index.php?page=citoyen.FormulaireCommande,Playwright dependent dropdown traversal of Watiqa inside-Morocco form,High,
Casablanca,Casablanca-Settat,CASABLANCA,CASABLANCA,AIN SEBAA HAY MOHAMMADI,ASSOUKHOUR ASSAWDA,42 EM ARRONDISSEMENT:AIN BORJA,https://www.watiqa.ma/index.php?page=citoyen.FormulaireCommande,Playwright dependent dropdown traversal of Watiqa inside-Morocco form,High,
Casablanca,Casablanca-Settat,CASABLANCA,CASABLANCA,AIN SEBAA HAY MOHAMMADI,ASSOUKHOUR ASSAWDA,49 EM ARRONDISSEMENT:IBNOU TACHFINE,https://www.watiqa.ma/index.php?page=citoyen.FormulaireCommande,Playwright dependent dropdown traversal of Watiqa inside-Morocco form,High,
Casablanca,Casablanca-Settat,CASABLANCA,CASABLANCA,AIN SEBAA HAY MOHAMMADI,ASSOUKHOUR ASSAWDA,ANNEXE ASSOUKHOUR ASSAOUDA,https://www.watiqa.ma/index.php?page=citoyen.FormulaireCommande,Playwright dependent dropdown traversal of Watiqa inside-Morocco form,High,
Casablanca,Casablanca-Settat,CASABLANCA,CASABLANCA,AIN SEBAA HAY MOHAMMADI,ASSOUKHOUR ASSAWDA,CENTRAL,https://www.watiqa.ma/index.php?page=citoyen.FormulaireCommande,Playwright dependent dropdown traversal of Watiqa inside-Morocco form,High,
Casablanca,Casablanca-Settat,CASABLANCA,CASABLANCA,AIN SEBAA HAY MOHAMMADI,ASSOUKHOUR ASSAWDA,CHOHADA,https://www.watiqa.ma/index.php?page=citoyen.FormulaireCommande,Playwright dependent dropdown traversal of Watiqa inside-Morocco form,High,
Casablanca,Casablanca-Settat,CASABLANCA,CASABLANCA,AIN SEBAA HAY MOHAMMADI,HAY MOHAMMADI,43 EM ARRONDISSEMENT:DERB MY CHRIF,https://www.watiqa.ma/index.php?page=citoyen.FormulaireCommande,Playwright dependent dropdown traversal of Watiqa inside-Morocco form,High,
Casablanca,Casablanca-Settat,CASABLANCA,CASABLANCA,AIN SEBAA HAY MOHAMMADI,HAY MOHAMMADI,47 EM ARRONDISSEMENT:HAY MOHAMMADI,https://www.watiqa.ma/index.php?page=citoyen.FormulaireCommande,Playwright dependent dropdown traversal of Watiqa inside-Morocco form,High,
Casablanca,Casablanca-Settat,CASABLANCA,CASABLANCA,AIN SEBAA HAY MOHAMMADI,HAY MOHAMMADI,ANNEXE AL KHALIL,https://www.watiqa.ma/index.php?page=citoyen.FormulaireCommande,Playwright dependent dropdown traversal of Watiqa inside-Morocco form,High,
Casablanca,Casablanca-Settat,CASABLANCA,CASABLANCA,AIN SEBAA HAY MOHAMMADI,HAY MOHAMMADI,ANNEXE TAKADDOUM,https://www.watiqa.ma/index.php?page=citoyen.FormulaireCommande,Playwright dependent dropdown traversal of Watiqa inside-Morocco form,High,
Casablanca,Casablanca-Settat,CASABLANCA,CASABLANCA,AIN SEBAA HAY MOHAMMADI,HAY MOHAMMADI,CENTRAL,https://www.watiqa.ma/index.php?page=citoyen.FormulaireCommande,Playwright dependent dropdown traversal of Watiqa inside-Morocco form,High,
Casablanca,Casablanca-Settat,CASABLANCA,CASABLANCA,AL FIDA MERS SULTAN,AL FIDA,20 EME ARRON TARABLOUS,https://www.watiqa.ma/index.php?page=citoyen.FormulaireCommande,Playwright dependent dropdown traversal of Watiqa inside-Morocco form,High,
Casablanca,Casablanca-Settat,CASABLANCA,CASABLANCA,AL FIDA MERS SULTAN,AL FIDA,21 EME ARRON:SIDI MAAROUF,https://www.watiqa.ma/index.php?page=citoyen.FormulaireCommande,Playwright dependent dropdown traversal of Watiqa inside-Morocco form,High,
Casablanca,Casablanca-Settat,CASABLANCA,CASABLANCA,AL FIDA MERS SULTAN,AL FIDA,22 EME ARRON:EL FARAH,https://www.watiqa.ma/index.php?page=citoyen.FormulaireCommande,Playwright dependent dropdown traversal of Watiqa inside-Morocco form,High,
Casablanca,Casablanca-Settat,CASABLANCA,CASABLANCA,AL FIDA MERS SULTAN,AL FIDA,23 EME ARRON:EL IDRISSIA,https://www.watiqa.ma/index.php?page=citoyen.FormulaireCommande,Playwright dependent dropdown traversal of Watiqa inside-Morocco form,High,
Casablanca,Casablanca-Settat,CASABLANCA,CASABLANCA,AL FIDA MERS SULTAN,AL FIDA,BUREAU AL AMAL,https://www.watiqa.ma/index.php?page=citoyen.FormulaireCommande,Playwright dependent dropdown traversal of Watiqa inside-Morocco form,High,
Casablanca,Casablanca-Settat,CASABLANCA,CASABLANCA,AL FIDA MERS SULTAN,AL FIDA,CENTRAL,https://www.watiqa.ma/index.php?page=citoyen.FormulaireCommande,Playwright dependent dropdown traversal of Watiqa inside-Morocco form,High,
Casablanca,Casablanca-Settat,CASABLANCA,CASABLANCA,AL FIDA MERS SULTAN,AL FIDA,LAKRIAA 2,https://www.watiqa.ma/index.php?page=citoyen.FormulaireCommande,Playwright dependent dropdown traversal of Watiqa inside-Morocco form,High,
Casablanca,Casablanca-Settat,CASABLANCA,CASABLANCA,AL FIDA MERS SULTAN,MERS SULTAN,16 EME ARRON LAGIRONDE,https://www.watiqa.ma/index.php?page=citoyen.FormulaireCommande,Playwright dependent dropdown traversal of Watiqa inside-Morocco form,High,
Casablanca,Casablanca-Settat,CASABLANCA,CASABLANCA,AL FIDA MERS SULTAN,MERS SULTAN,17 EME ARRON EL BALADIA,https://www.watiqa.ma/index.php?page=citoyen.FormulaireCommande,Playwright dependent dropdown traversal of Watiqa inside-Morocco form,High,
Casablanca,Casablanca-Settat,CASABLANCA,CASABLANCA,AL FIDA MERS SULTAN,MERS SULTAN,18EME ARRON BOUCHENTOUF,https://www.watiqa.ma/index.php?page=citoyen.FormulaireCommande,Playwright dependent dropdown traversal of Watiqa inside-Morocco form,High,
Casablanca,Casablanca-Settat,CASABLANCA,CASABLANCA,AL FIDA MERS SULTAN,MERS SULTAN,19 EME ARROND :DERB EL KABIR,https://www.watiqa.ma/index.php?page=citoyen.FormulaireCommande,Playwright dependent dropdown traversal of Watiqa inside-Morocco form,High,
Casablanca,Casablanca-Settat,CASABLANCA,CASABLANCA,AL FIDA MERS SULTAN,MERS SULTAN,CENTRAL,https://www.watiqa.ma/index.php?page=citoyen.FormulaireCommande,Playwright dependent dropdown traversal of Watiqa inside-Morocco form,High,
Casablanca,Casablanca-Settat,CASABLANCA,CASABLANCA,BEN M'SICK,BEN M'SICK,56 EME ANNEXE: EL HASSANIA,https://www.watiqa.ma/index.php?page=citoyen.FormulaireCommande,Playwright dependent dropdown traversal of Watiqa inside-Morocco form,High,
Casablanca,Casablanca-Settat,CASABLANCA,CASABLANCA,BEN M'SICK,BEN M'SICK,57 EME ANNEXE:IFRIQUIA,https://www.watiqa.ma/index.php?page=citoyen.FormulaireCommande,Playwright dependent dropdown traversal of Watiqa inside-Morocco form,High,
Casablanca,Casablanca-Settat,CASABLANCA,CASABLANCA,BEN M'SICK,BEN M'SICK,58 EME ANNEXE:EL MANSOUR,https://www.watiqa.ma/index.php?page=citoyen.FormulaireCommande,Playwright dependent dropdown traversal of Watiqa inside-Morocco form,High,
Casablanca,Casablanca-Settat,CASABLANCA,CASABLANCA,BEN M'SICK,BEN M'SICK,59 EME ANNEXE : EL MASSOUDIA,https://www.watiqa.ma/index.php?page=citoyen.FormulaireCommande,Playwright dependent dropdown traversal of Watiqa inside-Morocco form,High,
Casablanca,Casablanca-Settat,CASABLANCA,CASABLANCA,BEN M'SICK,BEN M'SICK,AL OTHMANIA,https://www.watiqa.ma/index.php?page=citoyen.FormulaireCommande,Playwright dependent dropdown traversal of Watiqa inside-Morocco form,High,
Casablanca,Casablanca-Settat,CASABLANCA,CASABLANCA,BEN M'SICK,BEN M'SICK,ANNEXE 58e ARRONDISSEMENT BIS ARTIZANA,https://www.watiqa.ma/index.php?page=citoyen.FormulaireCommande,Playwright dependent dropdown traversal of Watiqa inside-Morocco form,High,
Casablanca,Casablanca-Settat,CASABLANCA,CASABLANCA,BEN M'SICK,BEN M'SICK,CENTRAL,https://www.watiqa.ma/index.php?page=citoyen.FormulaireCommande,Playwright dependent dropdown traversal of Watiqa inside-Morocco form,High,
Casablanca,Casablanca-Settat,CASABLANCA,CASABLANCA,BEN M'SICK,SBATA,60 BIS  ANNEXE ADMINISTRATIVE,https://www.watiqa.ma/index.php?page=citoyen.FormulaireCommande,Playwright dependent dropdown traversal of Watiqa inside-Morocco form,High,
Casablanca,Casablanca-Settat,CASABLANCA,CASABLANCA,BEN M'SICK,SBATA,60 EME ANNEXE : KARIAT  EL JAMAA,https://www.watiqa.ma/index.php?page=citoyen.FormulaireCommande,Playwright dependent dropdown traversal of Watiqa inside-Morocco form,High,
Casablanca,Casablanca-Settat,CASABLANCA,CASABLANCA,BEN M'SICK,SBATA,61 EME ANNEXE : JAMILA,https://www.watiqa.ma/index.php?page=citoyen.FormulaireCommande,Playwright dependent dropdown traversal of Watiqa inside-Morocco form,High,
Casablanca,Casablanca-Settat,CASABLANCA,CASABLANCA,BEN M'SICK,SBATA,62 EME ANNEXE SALMIA 2,https://www.watiqa.ma/index.php?page=citoyen.FormulaireCommande,Playwright dependent dropdown traversal of Watiqa inside-Morocco form,High,
Casablanca,Casablanca-Settat,CASABLANCA,CASABLANCA,BEN M'SICK,SBATA,CENTRAL,https://www.watiqa.ma/index.php?page=citoyen.FormulaireCommande,Playwright dependent dropdown traversal of Watiqa inside-Morocco form,High,
Casablanca,Casablanca-Settat,CASABLANCA,CASABLANCA,BEN M'SICK,SBATA,SIDI AHMED BEN LAHCEN,https://www.watiqa.ma/index.php?page=citoyen.FormulaireCommande,Playwright dependent dropdown traversal of Watiqa inside-Morocco form,High,
Casablanca,Casablanca-Settat,CASABLANCA,CASABLANCA,CASABLANCA ANFA,ANFA,7 EM ARRONDISSEMENT EL HANK,https://www.watiqa.ma/index.php?page=citoyen.FormulaireCommande,Playwright dependent dropdown traversal of Watiqa inside-Morocco form,High,
Casablanca,Casablanca-Settat,CASABLANCA,CASABLANCA,CASABLANCA ANFA,ANFA,8EM ARRONDISSEMENT :ANFA,https://www.watiqa.ma/index.php?page=citoyen.FormulaireCommande,Playwright dependent dropdown traversal of Watiqa inside-Morocco form,High,
Casablanca,Casablanca-Settat,CASABLANCA,CASABLANCA,CASABLANCA ANFA,ANFA,BADR,https://www.watiqa.ma/index.php?page=citoyen.FormulaireCommande,Playwright dependent dropdown traversal of Watiqa inside-Morocco form,High,
Casablanca,Casablanca-Settat,CASABLANCA,CASABLANCA,CASABLANCA ANFA,ANFA,CENTRAL,https://www.watiqa.ma/index.php?page=citoyen.FormulaireCommande,Playwright dependent dropdown traversal of Watiqa inside-Morocco form,High,
Casablanca,Casablanca-Settat,CASABLANCA,CASABLANCA,CASABLANCA ANFA,ANFA,SAHEL,https://www.watiqa.ma/index.php?page=citoyen.FormulaireCommande,Playwright dependent dropdown traversal of Watiqa inside-Morocco form,High,
Casablanca,Casablanca-Settat,CASABLANCA,CASABLANCA,CASABLANCA ANFA,EL MAARIF,11 EM ARRONDISSEMENT  OISIS,https://www.watiqa.ma/index.php?page=citoyen.FormulaireCommande,Playwright dependent dropdown traversal of Watiqa inside-Morocco form,High,
Casablanca,Casablanca-Settat,CASABLANCA,CASABLANCA,CASABLANCA ANFA,EL MAARIF,ANNOUAL,https://www.watiqa.ma/index.php?page=citoyen.FormulaireCommande,Playwright dependent dropdown traversal of Watiqa inside-Morocco form,High,
Casablanca,Casablanca-Settat,CASABLANCA,CASABLANCA,CASABLANCA ANFA,EL MAARIF,CENTRAL,https://www.watiqa.ma/index.php?page=citoyen.FormulaireCommande,Playwright dependent dropdown traversal of Watiqa inside-Morocco form,High,
Casablanca,Casablanca-Settat,CASABLANCA,CASABLANCA,CASABLANCA ANFA,EL MAARIF,DERB GHALLEF,https://www.watiqa.ma/index.php?page=citoyen.FormulaireCommande,Playwright dependent dropdown traversal of Watiqa inside-Morocco form,High,
Casablanca,Casablanca-Settat,CASABLANCA,CASABLANCA,CASABLANCA ANFA,EL MAARIF,IDRISS  1,https://www.watiqa.ma/index.php?page=citoyen.FormulaireCommande,Playwright dependent dropdown traversal of Watiqa inside-Morocco form,High,
Casablanca,Casablanca-Settat,CASABLANCA,CASABLANCA,CASABLANCA ANFA,EL MAARIF,YAACOUB EL MANSOUR,https://www.watiqa.ma/index.php?page=citoyen.FormulaireCommande,Playwright dependent dropdown traversal of Watiqa inside-Morocco form,High,
Casablanca,Casablanca-Settat,CASABLANCA,CASABLANCA,CASABLANCA ANFA,SIDI BELYOUT,BEN JDIA,https://www.watiqa.ma/index.php?page=citoyen.FormulaireCommande,Playwright dependent dropdown traversal of Watiqa inside-Morocco form,High,
Casablanca,Casablanca-Settat,CASABLANCA,CASABLANCA,CASABLANCA ANFA,SIDI BELYOUT,CENTRAL,https://www.watiqa.ma/index.php?page=citoyen.FormulaireCommande,Playwright dependent dropdown traversal of Watiqa inside-Morocco form,High,
Casablanca,Casablanca-Settat,CASABLANCA,CASABLANCA,CASABLANCA ANFA,SIDI BELYOUT,LALA YACOUT,https://www.watiqa.ma/index.php?page=citoyen.FormulaireCommande,Playwright dependent dropdown traversal of Watiqa inside-Morocco form,High,
Casablanca,Casablanca-Settat,CASABLANCA,CASABLANCA,CASABLANCA ANFA,SIDI BELYOUT,MLY  YOUSSEF,https://www.watiqa.ma/index.php?page=citoyen.FormulaireCommande,Playwright dependent dropdown traversal of Watiqa inside-Morocco form,High,
Casablanca,Casablanca-Settat,CASABLANCA,CASABLANCA,CASABLANCA ANFA,SIDI BELYOUT,MOSSA BNOU NOUSSEIR,https://www.watiqa.ma/index.php?page=citoyen.FormulaireCommande,Playwright dependent dropdown traversal of Watiqa inside-Morocco form,High,
Casablanca,Casablanca-Settat,CASABLANCA,CASABLANCA,CASABLANCA ANFA,SIDI BELYOUT,SIDI BOUSMARA,https://www.watiqa.ma/index.php?page=citoyen.FormulaireCommande,Playwright dependent dropdown traversal of Watiqa inside-Morocco form,High,
Casablanca,Casablanca-Settat,CASABLANCA,CASABLANCA,CASABLANCA ANFA,SIDI BELYOUT,SOUR JDID,https://www.watiqa.ma/index.php?page=citoyen.FormulaireCommande,Playwright dependent dropdown traversal of Watiqa inside-Morocco form,High,
Casablanca,Casablanca-Settat,CASABLANCA,CASABLANCA,HAY HASSANI,HAY HASSANI,AL AZHAR,https://www.watiqa.ma/index.php?page=citoyen.FormulaireCommande,Playwright dependent dropdown traversal of Watiqa inside-Morocco form,High,
Casablanca,Casablanca-Settat,CASABLANCA,CASABLANCA,HAY HASSANI,HAY HASSANI,AL LAYMOUNE,https://www.watiqa.ma/index.php?page=citoyen.FormulaireCommande,Playwright dependent dropdown traversal of Watiqa inside-Morocco form,High,
Casablanca,Casablanca-Settat,CASABLANCA,CASABLANCA,HAY HASSANI,HAY HASSANI,ANNEXE ADMINISTRATIVE AL FIRDAOUSSE,https://www.watiqa.ma/index.php?page=citoyen.FormulaireCommande,Playwright dependent dropdown traversal of Watiqa inside-Morocco form,High,
Casablanca,Casablanca-Settat,CASABLANCA,CASABLANCA,HAY HASSANI,HAY HASSANI,CENTRAL,https://www.watiqa.ma/index.php?page=citoyen.FormulaireCommande,Playwright dependent dropdown traversal of Watiqa inside-Morocco form,High,
Casablanca,Casablanca-Settat,CASABLANCA,CASABLANCA,HAY HASSANI,HAY HASSANI,CITE DE L'AIR,https://www.watiqa.ma/index.php?page=citoyen.FormulaireCommande,Playwright dependent dropdown traversal of Watiqa inside-Morocco form,High,
Casablanca,Casablanca-Settat,CASABLANCA,CASABLANCA,HAY HASSANI,HAY HASSANI,ENNASSIME,https://www.watiqa.ma/index.php?page=citoyen.FormulaireCommande,Playwright dependent dropdown traversal of Watiqa inside-Morocco form,High,
Casablanca,Casablanca-Settat,CASABLANCA,CASABLANCA,HAY HASSANI,HAY HASSANI,HAY EL OULFA,https://www.watiqa.ma/index.php?page=citoyen.FormulaireCommande,Playwright dependent dropdown traversal of Watiqa inside-Morocco form,High,
Casablanca,Casablanca-Settat,CASABLANCA,CASABLANCA,HAY HASSANI,HAY HASSANI,HAY ESSALAM,https://www.watiqa.ma/index.php?page=citoyen.FormulaireCommande,Playwright dependent dropdown traversal of Watiqa inside-Morocco form,High,
Casablanca,Casablanca-Settat,CASABLANCA,CASABLANCA,HAY HASSANI,HAY HASSANI,HAY HASSANI,https://www.watiqa.ma/index.php?page=citoyen.FormulaireCommande,Playwright dependent dropdown traversal of Watiqa inside-Morocco form,High,
Casablanca,Casablanca-Settat,CASABLANCA,CASABLANCA,HAY HASSANI,HAY HASSANI,LISSASFA,https://www.watiqa.ma/index.php?page=citoyen.FormulaireCommande,Playwright dependent dropdown traversal of Watiqa inside-Morocco form,High,
Casablanca,Casablanca-Settat,CASABLANCA,CASABLANCA,HAY HASSANI,HAY HASSANI,RYAD EL OULFA,https://www.watiqa.ma/index.php?page=citoyen.FormulaireCommande,Playwright dependent dropdown traversal of Watiqa inside-Morocco form,High,
Casablanca,Casablanca-Settat,CASABLANCA,CASABLANCA,HAY HASSANI,HAY HASSANI,SIDI ALKHADIR,https://www.watiqa.ma/index.php?page=citoyen.FormulaireCommande,Playwright dependent dropdown traversal of Watiqa inside-Morocco form,High,
Casablanca,Casablanca-Settat,CASABLANCA,CASABLANCA,MOULAY RACHID,MOULAY RACHID,AL BARAKA,https://www.watiqa.ma/index.php?page=citoyen.FormulaireCommande,Playwright dependent dropdown traversal of Watiqa inside-Morocco form,High,
Casablanca,Casablanca-Settat,CASABLANCA,CASABLANCA,MOULAY RACHID,MOULAY RACHID,ANNEXE AD   HAY EL FALAH,https://www.watiqa.ma/index.php?page=citoyen.FormulaireCommande,Playwright dependent dropdown traversal of Watiqa inside-Morocco form,High,
Casablanca,Casablanca-Settat,CASABLANCA,CASABLANCA,MOULAY RACHID,MOULAY RACHID,ANNEXE AD   HAY ERRAJA,https://www.watiqa.ma/index.php?page=citoyen.FormulaireCommande,Playwright dependent dropdown traversal of Watiqa inside-Morocco form,High,
Casablanca,Casablanca-Settat,CASABLANCA,CASABLANCA,MOULAY RACHID,MOULAY RACHID,ANNEXE AD  HAY ERRAHMA,https://www.watiqa.ma/index.php?page=citoyen.FormulaireCommande,Playwright dependent dropdown traversal of Watiqa inside-Morocco form,High,
Casablanca,Casablanca-Settat,CASABLANCA,CASABLANCA,MOULAY RACHID,MOULAY RACHID,ANNEXE AD  HAY MY RACHID,https://www.watiqa.ma/index.php?page=citoyen.FormulaireCommande,Playwright dependent dropdown traversal of Watiqa inside-Morocco form,High,
Casablanca,Casablanca-Settat,CASABLANCA,CASABLANCA,MOULAY RACHID,MOULAY RACHID,ANNEXE AD  ZONE INDUSTRIELLE,https://www.watiqa.ma/index.php?page=citoyen.FormulaireCommande,Playwright dependent dropdown traversal of Watiqa inside-Morocco form,High,
Casablanca,Casablanca-Settat,CASABLANCA,CASABLANCA,MOULAY RACHID,MOULAY RACHID,ANNEXE EL FADLE,https://www.watiqa.ma/index.php?page=citoyen.FormulaireCommande,Playwright dependent dropdown traversal of Watiqa inside-Morocco form,High,
Casablanca,Casablanca-Settat,CASABLANCA,CASABLANCA,MOULAY RACHID,MOULAY RACHID,CENTRAL,https://www.watiqa.ma/index.php?page=citoyen.FormulaireCommande,Playwright dependent dropdown traversal of Watiqa inside-Morocco form,High,
Casablanca,Casablanca-Settat,CASABLANCA,CASABLANCA,MOULAY RACHID,MOULAY RACHID,SADRI,https://www.watiqa.ma/index.php?page=citoyen.FormulaireCommande,Playwright dependent dropdown traversal of Watiqa inside-Morocco form,High,
Casablanca,Casablanca-Settat,CASABLANCA,CASABLANCA,MOULAY RACHID,SIDI OTHMANE,ANNEXE AD   LALA MARYAM,https://www.watiqa.ma/index.php?page=citoyen.FormulaireCommande,Playwright dependent dropdown traversal of Watiqa inside-Morocco form,High,
Casablanca,Casablanca-Settat,CASABLANCA,CASABLANCA,MOULAY RACHID,SIDI OTHMANE,ANNEXE AD  COMPLEXE ADMINISTRATIF,https://www.watiqa.ma/index.php?page=citoyen.FormulaireCommande,Playwright dependent dropdown traversal of Watiqa inside-Morocco form,High,
Casablanca,Casablanca-Settat,CASABLANCA,CASABLANCA,MOULAY RACHID,SIDI OTHMANE,ANNEXE AD  DIAR ESSALAM,https://www.watiqa.ma/index.php?page=citoyen.FormulaireCommande,Playwright dependent dropdown traversal of Watiqa inside-Morocco form,High,
Casablanca,Casablanca-Settat,CASABLANCA,CASABLANCA,MOULAY RACHID,SIDI OTHMANE,ANNEXE AD  LAHRAOUINE,https://www.watiqa.ma/index.php?page=citoyen.FormulaireCommande,Playwright dependent dropdown traversal of Watiqa inside-Morocco form,High,
Casablanca,Casablanca-Settat,CASABLANCA,CASABLANCA,MOULAY RACHID,SIDI OTHMANE,ANNEXE ADM   SIDI OTHMANE,https://www.watiqa.ma/index.php?page=citoyen.FormulaireCommande,Playwright dependent dropdown traversal of Watiqa inside-Morocco form,High,
Casablanca,Casablanca-Settat,CASABLANCA,CASABLANCA,MOULAY RACHID,SIDI OTHMANE,CENTRAL,https://www.watiqa.ma/index.php?page=citoyen.FormulaireCommande,Playwright dependent dropdown traversal of Watiqa inside-Morocco form,High,
Casablanca,Casablanca-Settat,CASABLANCA,CASABLANCA,MOULAY RACHID,SIDI OTHMANE,HAY SALAMA ANNEXE ADM,https://www.watiqa.ma/index.php?page=citoyen.FormulaireCommande,Playwright dependent dropdown traversal of Watiqa inside-Morocco form,High,
Casablanca,Casablanca-Settat,CASABLANCA,CASABLANCA,MOULAY RACHID,SIDI OTHMANE,MABROUKA,https://www.watiqa.ma/index.php?page=citoyen.FormulaireCommande,Playwright dependent dropdown traversal of Watiqa inside-Morocco form,High,
Casablanca,Casablanca-Settat,CASABLANCA,CASABLANCA,SIDI BERNOUSSI,SIDI BERNOUSSI,45EME ARRON CHATII,https://www.watiqa.ma/index.php?page=citoyen.FormulaireCommande,Playwright dependent dropdown traversal of Watiqa inside-Morocco form,High,
Casablanca,Casablanca-Settat,CASABLANCA,CASABLANCA,SIDI BERNOUSSI,SIDI BERNOUSSI,46EME ARRON SIDI BERNOUSSI,https://www.watiqa.ma/index.php?page=citoyen.FormulaireCommande,Playwright dependent dropdown traversal of Watiqa inside-Morocco form,High,
Casablanca,Casablanca-Settat,CASABLANCA,CASABLANCA,SIDI BERNOUSSI,SIDI BERNOUSSI,51 EME ARRON QUODS,https://www.watiqa.ma/index.php?page=citoyen.FormulaireCommande,Playwright dependent dropdown traversal of Watiqa inside-Morocco form,High,
Casablanca,Casablanca-Settat,CASABLANCA,CASABLANCA,SIDI BERNOUSSI,SIDI BERNOUSSI,52EME ARRON TARIK,https://www.watiqa.ma/index.php?page=citoyen.FormulaireCommande,Playwright dependent dropdown traversal of Watiqa inside-Morocco form,High,
Casablanca,Casablanca-Settat,CASABLANCA,CASABLANCA,SIDI BERNOUSSI,SIDI BERNOUSSI,AL MANZAH,https://www.watiqa.ma/index.php?page=citoyen.FormulaireCommande,Playwright dependent dropdown traversal of Watiqa inside-Morocco form,High,
Casablanca,Casablanca-Settat,CASABLANCA,CASABLANCA,SIDI BERNOUSSI,SIDI BERNOUSSI,CENTRAL,https://www.watiqa.ma/index.php?page=citoyen.FormulaireCommande,Playwright dependent dropdown traversal of Watiqa inside-Morocco form,High,
Casablanca,Casablanca-Settat,CASABLANCA,CASABLANCA,SIDI BERNOUSSI,SIDI BERNOUSSI,CHAFCHAOUNI,https://www.watiqa.ma/index.php?page=citoyen.FormulaireCommande,Playwright dependent dropdown traversal of Watiqa inside-Morocco form,High,
Casablanca,Casablanca-Settat,CASABLANCA,CASABLANCA,SIDI BERNOUSSI,SIDI MOUMEN,70 EME ARRON :EL KARIA,https://www.watiqa.ma/index.php?page=citoyen.FormulaireCommande,Playwright dependent dropdown traversal of Watiqa inside-Morocco form,High,
Casablanca,Casablanca-Settat,CASABLANCA,CASABLANCA,SIDI BERNOUSSI,SIDI MOUMEN,71 EME ARRON: SIDI MOUMEN,https://www.watiqa.ma/index.php?page=citoyen.FormulaireCommande,Playwright dependent dropdown traversal of Watiqa inside-Morocco form,High,
Casablanca,Casablanca-Settat,CASABLANCA,CASABLANCA,SIDI BERNOUSSI,SIDI MOUMEN,72EME ARRON AL AMAN,https://www.watiqa.ma/index.php?page=citoyen.FormulaireCommande,Playwright dependent dropdown traversal of Watiqa inside-Morocco form,High,
Casablanca,Casablanca-Settat,CASABLANCA,CASABLANCA,SIDI BERNOUSSI,SIDI MOUMEN,ABIR,https://www.watiqa.ma/index.php?page=citoyen.FormulaireCommande,Playwright dependent dropdown traversal of Watiqa inside-Morocco form,High,
Casablanca,Casablanca-Settat,CASABLANCA,CASABLANCA,SIDI BERNOUSSI,SIDI MOUMEN,AHL LOUGHLAM,https://www.watiqa.ma/index.php?page=citoyen.FormulaireCommande,Playwright dependent dropdown traversal of Watiqa inside-Morocco form,High,
Casablanca,Casablanca-Settat,CASABLANCA,CASABLANCA,SIDI BERNOUSSI,SIDI MOUMEN,AL AZHAR,https://www.watiqa.ma/index.php?page=citoyen.FormulaireCommande,Playwright dependent dropdown traversal of Watiqa inside-Morocco form,High,
Casablanca,Casablanca-Settat,CASABLANCA,CASABLANCA,SIDI BERNOUSSI,SIDI MOUMEN,AL BAIDA,https://www.watiqa.ma/index.php?page=citoyen.FormulaireCommande,Playwright dependent dropdown traversal of Watiqa inside-Morocco form,High,
Casablanca,Casablanca-Settat,CASABLANCA,CASABLANCA,SIDI BERNOUSSI,SIDI MOUMEN,ANNAIM,https://www.watiqa.ma/index.php?page=citoyen.FormulaireCommande,Playwright dependent dropdown traversal of Watiqa inside-Morocco form,High,
Casablanca,Casablanca-Settat,CASABLANCA,CASABLANCA,SIDI BERNOUSSI,SIDI MOUMEN,ASSALAM 1,https://www.watiqa.ma/index.php?page=citoyen.FormulaireCommande,Playwright dependent dropdown traversal of Watiqa inside-Morocco form,High,
Casablanca,Casablanca-Settat,CASABLANCA,CASABLANCA,SIDI BERNOUSSI,SIDI MOUMEN,ASSALAM2,https://www.watiqa.ma/index.php?page=citoyen.FormulaireCommande,Playwright dependent dropdown traversal of Watiqa inside-Morocco form,High,
Casablanca,Casablanca-Settat,CASABLANCA,CASABLANCA,SIDI BERNOUSSI,SIDI MOUMEN,CENTRAL,https://www.watiqa.ma/index.php?page=citoyen.FormulaireCommande,Playwright dependent dropdown traversal of Watiqa inside-Morocco form,High,
Casablanca,Casablanca-Settat,CASABLANCA,CASABLANCA,SIDI BERNOUSSI,SIDI MOUMEN,EL HADIKA,https://www.watiqa.ma/index.php?page=citoyen.FormulaireCommande,Playwright dependent dropdown traversal of Watiqa inside-Morocco form,High,
Casablanca,Casablanca-Settat,CASABLANCA,CASABLANCA,SIDI BERNOUSSI,SIDI MOUMEN,EL MANDAR EL JAMIL,https://www.watiqa.ma/index.php?page=citoyen.FormulaireCommande,Playwright dependent dropdown traversal of Watiqa inside-Morocco form,High,
Casablanca,Casablanca-Settat,CASABLANCA,CASABLANCA,SIDI BERNOUSSI,SIDI MOUMEN,EL WALAA,https://www.watiqa.ma/index.php?page=citoyen.FormulaireCommande,Playwright dependent dropdown traversal of Watiqa inside-Morocco form,High,
Casablanca,Casablanca-Settat,CASABLANCA,CASABLANCA,SIDI BERNOUSSI,SIDI MOUMEN,MADINATI,https://www.watiqa.ma/index.php?page=citoyen.FormulaireCommande,Playwright dependent dropdown traversal of Watiqa inside-Morocco form,High,
Rabat,Rabat-Salé-Kénitra,RABAT,RABAT,,AGDAL RIYAD,10EME ANNEXE ADMINISTRATIVE -AGDAL-,https://www.watiqa.ma/index.php?page=citoyen.FormulaireCommande,Playwright dependent dropdown traversal of Watiqa inside-Morocco form,High,
Rabat,Rabat-Salé-Kénitra,RABAT,RABAT,,AGDAL RIYAD,11EME ANNEXE ADMINISTRATIVE -IRFANE-,https://www.watiqa.ma/index.php?page=citoyen.FormulaireCommande,Playwright dependent dropdown traversal of Watiqa inside-Morocco form,High,
Rabat,Rabat-Salé-Kénitra,RABAT,RABAT,,AGDAL RIYAD,12 EME ANNEXE ADMINISTRATIVE -RIYAD-,https://www.watiqa.ma/index.php?page=citoyen.FormulaireCommande,Playwright dependent dropdown traversal of Watiqa inside-Morocco form,High,
Rabat,Rabat-Salé-Kénitra,RABAT,RABAT,,AGDAL RIYAD,13 EME ANNEXE ADMINISTRATIVE -ALBOUSSTANE-,https://www.watiqa.ma/index.php?page=citoyen.FormulaireCommande,Playwright dependent dropdown traversal of Watiqa inside-Morocco form,High,
Rabat,Rabat-Salé-Kénitra,RABAT,RABAT,,EL YOUSSOUFIA,14EME ANNEXE ADMINISTRATIVE -TAKDOUM-,https://www.watiqa.ma/index.php?page=citoyen.FormulaireCommande,Playwright dependent dropdown traversal of Watiqa inside-Morocco form,High,
Rabat,Rabat-Salé-Kénitra,RABAT,RABAT,,EL YOUSSOUFIA,15EME ANNEXE ADMINISTRATIVE -HAY FARAH-,https://www.watiqa.ma/index.php?page=citoyen.FormulaireCommande,Playwright dependent dropdown traversal of Watiqa inside-Morocco form,High,
Rabat,Rabat-Salé-Kénitra,RABAT,RABAT,,EL YOUSSOUFIA,16 EME ANNEXE ADMINISTRATIVE -ABIRAGRAG-,https://www.watiqa.ma/index.php?page=citoyen.FormulaireCommande,Playwright dependent dropdown traversal of Watiqa inside-Morocco form,High,
Rabat,Rabat-Salé-Kénitra,RABAT,RABAT,,EL YOUSSOUFIA,17EME ANNEXE ADMINISTRATIVE -YOUSSOUFIA-,https://www.watiqa.ma/index.php?page=citoyen.FormulaireCommande,Playwright dependent dropdown traversal of Watiqa inside-Morocco form,High,
Rabat,Rabat-Salé-Kénitra,RABAT,RABAT,,EL YOUSSOUFIA,18 EME ANNEXE ADMINISTRATIVE -HAY NAHDA-,https://www.watiqa.ma/index.php?page=citoyen.FormulaireCommande,Playwright dependent dropdown traversal of Watiqa inside-Morocco form,High,
Rabat,Rabat-Salé-Kénitra,RABAT,RABAT,,HASSAN,1ERE  ANNEXE ADMINISTRATIVE -ANCIENNE MEDINA-,https://www.watiqa.ma/index.php?page=citoyen.FormulaireCommande,Playwright dependent dropdown traversal of Watiqa inside-Morocco form,High,
Rabat,Rabat-Salé-Kénitra,RABAT,RABAT,,HASSAN,2EME  ANNEXE ADMINISTRATIVE -HASSAN-,https://www.watiqa.ma/index.php?page=citoyen.FormulaireCommande,Playwright dependent dropdown traversal of Watiqa inside-Morocco form,High,
Rabat,Rabat-Salé-Kénitra,RABAT,RABAT,,HASSAN,3EME ANNEXE ADMINISTRATIVE -OCEAN-,https://www.watiqa.ma/index.php?page=citoyen.FormulaireCommande,Playwright dependent dropdown traversal of Watiqa inside-Morocco form,High,
Rabat,Rabat-Salé-Kénitra,RABAT,RABAT,,HASSAN,4 EME ANNEXE ADMINISTRATIVE -AKKARI-,https://www.watiqa.ma/index.php?page=citoyen.FormulaireCommande,Playwright dependent dropdown traversal of Watiqa inside-Morocco form,High,
Rabat,Rabat-Salé-Kénitra,RABAT,RABAT,,HASSAN,CENTRAL,https://www.watiqa.ma/index.php?page=citoyen.FormulaireCommande,Playwright dependent dropdown traversal of Watiqa inside-Morocco form,High,
Rabat,Rabat-Salé-Kénitra,RABAT,RABAT,,SOUISSI,19 EME ANNEXE ADMINISTRATIVE - IBN SINA-,https://www.watiqa.ma/index.php?page=citoyen.FormulaireCommande,Playwright dependent dropdown traversal of Watiqa inside-Morocco form,High,
Rabat,Rabat-Salé-Kénitra,RABAT,RABAT,,SOUISSI,20 EME ANNEXE ADMINISTRATIVE -DAR SALAM-,https://www.watiqa.ma/index.php?page=citoyen.FormulaireCommande,Playwright dependent dropdown traversal of Watiqa inside-Morocco form,High,
Rabat,Rabat-Salé-Kénitra,RABAT,RABAT,,SOUISSI,21EME ANNEXE ADMINISTRATIVE -ACRACHE-,https://www.watiqa.ma/index.php?page=citoyen.FormulaireCommande,Playwright dependent dropdown traversal of Watiqa inside-Morocco form,High,
Rabat,Rabat-Salé-Kénitra,RABAT,RABAT,,YACOUB EL MANSOUR,5 EME ANNEXE ADMINISTRATIVE -SAHRIJ-,https://www.watiqa.ma/index.php?page=citoyen.FormulaireCommande,Playwright dependent dropdown traversal of Watiqa inside-Morocco form,High,
Rabat,Rabat-Salé-Kénitra,RABAT,RABAT,,YACOUB EL MANSOUR,6 EME ANNEXE ADMINISTRATIVE  -RAJAA FI ALLAH-,https://www.watiqa.ma/index.php?page=citoyen.FormulaireCommande,Playwright dependent dropdown traversal of Watiqa inside-Morocco form,High,
Rabat,Rabat-Salé-Kénitra,RABAT,RABAT,,YACOUB EL MANSOUR,7 EME ANNEXE ADMINISTRATIVE -AMAL-,https://www.watiqa.ma/index.php?page=citoyen.FormulaireCommande,Playwright dependent dropdown traversal of Watiqa inside-Morocco form,High,
Rabat,Rabat-Salé-Kénitra,RABAT,RABAT,,YACOUB EL MANSOUR,8 EME ANNEXE ADMINISTRATIVE -FATH -,https://www.watiqa.ma/index.php?page=citoyen.FormulaireCommande,Playwright dependent dropdown traversal of Watiqa inside-Morocco form,High,
Rabat,Rabat-Salé-Kénitra,RABAT,RABAT,,YACOUB EL MANSOUR,9 EME ANNEXE ADMINISTRATIVE -CHBANATE-,https://www.watiqa.ma/index.php?page=citoyen.FormulaireCommande,Playwright dependent dropdown traversal of Watiqa inside-Morocco form,High,
Tanger,Tanger-Tetouan-Al Hoceima,TANGER-ASSILAH,TANGER,,Arrondissement Béni Makada,BNI MAKADA - 17ème annexe administrative,https://www.watiqa.ma/index.php?page=citoyen.FormulaireCommande,Playwright dependent dropdown traversal of Watiqa inside-Morocco form,High,
Tanger,Tanger-Tetouan-Al Hoceima,TANGER-ASSILAH,TANGER,,Arrondissement Béni Makada,BNI MAKADA - 18ème annexe administrative,https://www.watiqa.ma/index.php?page=citoyen.FormulaireCommande,Playwright dependent dropdown traversal of Watiqa inside-Morocco form,High,
Tanger,Tanger-Tetouan-Al Hoceima,TANGER-ASSILAH,TANGER,,Arrondissement Béni Makada,BNI MAKADA - 19e Annexe administrative bis,https://www.watiqa.ma/index.php?page=citoyen.FormulaireCommande,Playwright dependent dropdown traversal of Watiqa inside-Morocco form,High,
Tanger,Tanger-Tetouan-Al Hoceima,TANGER-ASSILAH,TANGER,,Arrondissement Béni Makada,BNI MAKADA - 19ème annexe administrative,https://www.watiqa.ma/index.php?page=citoyen.FormulaireCommande,Playwright dependent dropdown traversal of Watiqa inside-Morocco form,High,
Tanger,Tanger-Tetouan-Al Hoceima,TANGER-ASSILAH,TANGER,,Arrondissement Béni Makada,BNI MAKADA - 20ème annexe administrative,https://www.watiqa.ma/index.php?page=citoyen.FormulaireCommande,Playwright dependent dropdown traversal of Watiqa inside-Morocco form,High,
Tanger,Tanger-Tetouan-Al Hoceima,TANGER-ASSILAH,TANGER,,Arrondissement Béni Makada,BNI MAKADA - 21ème annexe administrative,https://www.watiqa.ma/index.php?page=citoyen.FormulaireCommande,Playwright dependent dropdown traversal of Watiqa inside-Morocco form,High,
Tanger,Tanger-Tetouan-Al Hoceima,TANGER-ASSILAH,TANGER,,Arrondissement Béni Makada,BNI MAKADA - 22ème annexe administrative,https://www.watiqa.ma/index.php?page=citoyen.FormulaireCommande,Playwright dependent dropdown traversal of Watiqa inside-Morocco form,High,
Tanger,Tanger-Tetouan-Al Hoceima,TANGER-ASSILAH,TANGER,,Arrondissement Béni Makada,BNI MAKADA - 23ème annexe administrative,https://www.watiqa.ma/index.php?page=citoyen.FormulaireCommande,Playwright dependent dropdown traversal of Watiqa inside-Morocco form,High,
Tanger,Tanger-Tetouan-Al Hoceima,TANGER-ASSILAH,TANGER,,Arrondissement Béni Makada,BNI MAKADA - 24ème annexe administrative,https://www.watiqa.ma/index.php?page=citoyen.FormulaireCommande,Playwright dependent dropdown traversal of Watiqa inside-Morocco form,High,
Tanger,Tanger-Tetouan-Al Hoceima,TANGER-ASSILAH,TANGER,,Arrondissement Béni Makada,BNI MAKADA - 24ème annexe administrative - Bis,https://www.watiqa.ma/index.php?page=citoyen.FormulaireCommande,Playwright dependent dropdown traversal of Watiqa inside-Morocco form,High,
Tanger,Tanger-Tetouan-Al Hoceima,TANGER-ASSILAH,TANGER,,Arrondissement Béni Makada,BNI MAKADA - Bureau central,https://www.watiqa.ma/index.php?page=citoyen.FormulaireCommande,Playwright dependent dropdown traversal of Watiqa inside-Morocco form,High,
Tanger,Tanger-Tetouan-Al Hoceima,TANGER-ASSILAH,TANGER,,Arrondissement Charaf essouani,CHARF SOUANI - 13ème annexe administrative,https://www.watiqa.ma/index.php?page=citoyen.FormulaireCommande,Playwright dependent dropdown traversal of Watiqa inside-Morocco form,High,
Tanger,Tanger-Tetouan-Al Hoceima,TANGER-ASSILAH,TANGER,,Arrondissement Charaf essouani,CHARF SOUANI - 14ème annexe administrative,https://www.watiqa.ma/index.php?page=citoyen.FormulaireCommande,Playwright dependent dropdown traversal of Watiqa inside-Morocco form,High,
Tanger,Tanger-Tetouan-Al Hoceima,TANGER-ASSILAH,TANGER,,Arrondissement Charaf essouani,CHARF SOUANI - 15ème annexe administrative,https://www.watiqa.ma/index.php?page=citoyen.FormulaireCommande,Playwright dependent dropdown traversal of Watiqa inside-Morocco form,High,
Tanger,Tanger-Tetouan-Al Hoceima,TANGER-ASSILAH,TANGER,,Arrondissement Charaf essouani,CHARF SOUANI - 16ème annexe administrative,https://www.watiqa.ma/index.php?page=citoyen.FormulaireCommande,Playwright dependent dropdown traversal of Watiqa inside-Morocco form,High,
Tanger,Tanger-Tetouan-Al Hoceima,TANGER-ASSILAH,TANGER,,Arrondissement Charaf méghougha,CHARF MGHOGHA - 10ème annexe administrative,https://www.watiqa.ma/index.php?page=citoyen.FormulaireCommande,Playwright dependent dropdown traversal of Watiqa inside-Morocco form,High,
Tanger,Tanger-Tetouan-Al Hoceima,TANGER-ASSILAH,TANGER,,Arrondissement Charaf méghougha,CHARF MGHOGHA - 11ème annexe administrative,https://www.watiqa.ma/index.php?page=citoyen.FormulaireCommande,Playwright dependent dropdown traversal of Watiqa inside-Morocco form,High,
Tanger,Tanger-Tetouan-Al Hoceima,TANGER-ASSILAH,TANGER,,Arrondissement Charaf méghougha,CHARF MGHOGHA - 12ème annexe administrative,https://www.watiqa.ma/index.php?page=citoyen.FormulaireCommande,Playwright dependent dropdown traversal of Watiqa inside-Morocco form,High,
Tanger,Tanger-Tetouan-Al Hoceima,TANGER-ASSILAH,TANGER,,Arrondissement Charaf méghougha,CHARF MGHOGHA - 9e Annexe administrative bis,https://www.watiqa.ma/index.php?page=citoyen.FormulaireCommande,Playwright dependent dropdown traversal of Watiqa inside-Morocco form,High,
Tanger,Tanger-Tetouan-Al Hoceima,TANGER-ASSILAH,TANGER,,Arrondissement Charaf méghougha,CHARF MGHOGHA - 9ème annexe administrative,https://www.watiqa.ma/index.php?page=citoyen.FormulaireCommande,Playwright dependent dropdown traversal of Watiqa inside-Morocco form,High,
Tanger,Tanger-Tetouan-Al Hoceima,TANGER-ASSILAH,TANGER,,Arrondissement Tanger médina,TANGER MEDINA - 2ème annexe administrative,https://www.watiqa.ma/index.php?page=citoyen.FormulaireCommande,Playwright dependent dropdown traversal of Watiqa inside-Morocco form,High,
Tanger,Tanger-Tetouan-Al Hoceima,TANGER-ASSILAH,TANGER,,Arrondissement Tanger médina,TANGER MEDINA - 3ème annexe administrative,https://www.watiqa.ma/index.php?page=citoyen.FormulaireCommande,Playwright dependent dropdown traversal of Watiqa inside-Morocco form,High,
Tanger,Tanger-Tetouan-Al Hoceima,TANGER-ASSILAH,TANGER,,Arrondissement Tanger médina,TANGER MEDINA - 4ème annexe administrative,https://www.watiqa.ma/index.php?page=citoyen.FormulaireCommande,Playwright dependent dropdown traversal of Watiqa inside-Morocco form,High,
Tanger,Tanger-Tetouan-Al Hoceima,TANGER-ASSILAH,TANGER,,Arrondissement Tanger médina,TANGER MEDINA - 5ème annexe administrative,https://www.watiqa.ma/index.php?page=citoyen.FormulaireCommande,Playwright dependent dropdown traversal of Watiqa inside-Morocco form,High,
Tanger,Tanger-Tetouan-Al Hoceima,TANGER-ASSILAH,TANGER,,Arrondissement Tanger médina,TANGER MEDINA - 6ème annexe administrative,https://www.watiqa.ma/index.php?page=citoyen.FormulaireCommande,Playwright dependent dropdown traversal of Watiqa inside-Morocco form,High,
Tanger,Tanger-Tetouan-Al Hoceima,TANGER-ASSILAH,TANGER,,Arrondissement Tanger médina,TANGER MEDINA - 7ème annexe administrative,https://www.watiqa.ma/index.php?page=citoyen.FormulaireCommande,Playwright dependent dropdown traversal of Watiqa inside-Morocco form,High,
Tanger,Tanger-Tetouan-Al Hoceima,TANGER-ASSILAH,TANGER,,Arrondissement Tanger médina,TANGER MEDINA - 8ème annexe administrative,https://www.watiqa.ma/index.php?page=citoyen.FormulaireCommande,Playwright dependent dropdown traversal of Watiqa inside-Morocco form,High,
Tanger,Tanger-Tetouan-Al Hoceima,TANGER-ASSILAH,TANGER,,Arrondissement Tanger médina,TANGER MEDINA - Bureau central,https://www.watiqa.ma/index.php?page=citoyen.FormulaireCommande,Playwright dependent dropdown traversal of Watiqa inside-Morocco form,High,
